Ark: Survival Evolved|Stadia|https://en.wikipedia.org/wiki/Ark:_Survival_Evolved
Ary and the Secret of Seasons|Stadia|https://en.wikipedia.org/wiki/Ary_and_the_Secret_of_Seasons
|Stadia|https://en.wikipedia.org/wiki/Assassin%27s_Creed_Odyssey
|Stadia|https://en.wikipedia.org/wiki/Assassin%27s_Creed_Origins
|Stadia|https://en.wikipedia.org/wiki/Assassin%27s_Creed_Syndicate
|Stadia|https://en.wikipedia.org/wiki/Assassin%27s_Creed_Unity
|Stadia|https://en.wikipedia.org/wiki/Assassin%27s_Creed_Valhalla
|Stadia|https://en.wikipedia.org/wiki/Attack_on_Titan_2
|Stadia|https://en.wikipedia.org/wiki/Baldur%27s_Gate_III
|Stadia|https://en.wikipedia.org/wiki/Borderlands_3
Cake Bash|Stadia|
|Stadia|https://en.wikipedia.org/wiki/Celeste_(video_game)
Crayta|Stadia|
Cris Tales|Stadia|
|Stadia|https://en.wikipedia.org/wiki/Cyberpunk_2077
|Stadia|https://en.wikipedia.org/wiki/Darksiders_Genesis
|Stadia|https://en.wikipedia.org/wiki/Destiny_2
|Stadia|https://en.wikipedia.org/wiki/Dead_by_Daylight
Death Carnival|Stadia|
|Stadia|https://en.wikipedia.org/wiki/Destroy_All_Humans!_(2020_video_game)
|Stadia|https://en.wikipedia.org/wiki/Dirt_5
Doom 64|Stadia|
|Stadia|https://en.wikipedia.org/wiki/Doom_(2016_video_game)
|Stadia|https://en.wikipedia.org/wiki/Doom_Eternal
|Stadia|https://en.wikipedia.org/wiki/Dragon_Ball_Xenoverse_2
El Hijo - A Wild West Tale|Stadia|
Embr|Stadia|
|Stadia|https://en.wikipedia.org/wiki/Everspace
|Stadia|https://en.wikipedia.org/wiki/F1_2020_(video_game)
|Stadia|https://en.wikipedia.org/wiki/Family_Feud_(video_game_series)
|Stadia|https://en.wikipedia.org/wiki/Far_Cry_5
|Stadia|https://en.wikipedia.org/wiki/Far_Cry_6
|Stadia|https://en.wikipedia.org/wiki/Far_Cry_New_Dawn
|Stadia|https://en.wikipedia.org/wiki/Farming_Simulator#Farming_Simulator_19
|Stadia|https://en.wikipedia.org/wiki/FIFA_21
Figment|Stadia|
Figment: Creed Valley|Stadia|
|Stadia|https://en.wikipedia.org/wiki/Final_Fantasy_XV
|Stadia|https://en.wikipedia.org/wiki/Football_Manager_2020
Get Packed|Stadia|
Gods Will Fall|Stadia|
|Stadia|https://en.wikipedia.org/wiki/Grid_(video_game)
Gunsport|Stadia|
Gylt|Stadia|
Hello Engineer|Stadia|
|Stadia|https://en.wikipedia.org/wiki/Hello_Neighbor
Hello Neighbor: Hide & Seek|Stadia|
|Stadia|https://en.wikipedia.org/wiki/Hitman_(2016_video_game)
|Stadia|https://en.wikipedia.org/wiki/Hitman_2_(2018_video_game)
|Stadia|https://en.wikipedia.org/wiki/Hitman_3
|Stadia|https://en.wikipedia.org/wiki/Hotline_Miami
|Stadia|https://en.wikipedia.org/wiki/Hotline_Miami_2:_Wrong_Number
|Stadia|https://en.wikipedia.org/wiki/Human:_Fall_Flat
|Stadia|https://en.wikipedia.org/wiki/Humankind_(video_game)
|Stadia|https://en.wikipedia.org/wiki/Immortals_Fenyx_Rising
|Stadia|https://en.wikipedia.org/wiki/Into_the_Breach
|Stadia|https://en.wikipedia.org/wiki/Jotun_(video_game)
|Stadia|https://en.wikipedia.org/wiki/Just_Dance_2020
|Stadia|https://en.wikipedia.org/wiki/Just_Dance_2021
|Stadia|https://en.wikipedia.org/wiki/Just_Shapes_%26_Beats
Kaze and the Wild Masks|Stadia|
Kine|Stadia|
|Stadia|https://en.wikipedia.org/wiki/Kona_(video_game)
|Stadia|https://en.wikipedia.org/wiki/Lara_Croft_and_the_Temple_of_Osiris
|Stadia|https://en.wikipedia.org/wiki/HandyGames#Games
|Stadia|https://en.wikipedia.org/wiki/Little_Nightmares
Lost Words: Beyond the Page|Stadia|
|Stadia|https://en.wikipedia.org/wiki/Madden_NFL_21
|Stadia|https://en.wikipedia.org/wiki/Marvel%27s_Avengers_(video_game)
|Stadia|https://en.wikipedia.org/wiki/Mafia_II
|Stadia|https://en.wikipedia.org/wiki/Mafia_III
|Stadia|https://en.wikipedia.org/wiki/Metro_2033_(video_game)#Release
|Stadia|https://en.wikipedia.org/wiki/Metro_Exodus
|Stadia|https://en.wikipedia.org/wiki/Metro:_Last_Light#Redux_version
|Stadia|https://en.wikipedia.org/wiki/Monopoly_video_games
|Stadia|https://en.wikipedia.org/wiki/Monster_Boy_and_the_Cursed_Kingdom
|Stadia|https://en.wikipedia.org/wiki/Monster_Energy_Supercross:_The_Official_Videogame
Monster Jam Steel Titans|Stadia|
|Stadia|https://en.wikipedia.org/wiki/Mortal_Kombat_11
|Stadia|https://en.wikipedia.org/wiki/MotoGP_20
Nanotale - Typing Chronicles|Stadia|
|Stadia|https://en.wikipedia.org/wiki/NBA_2K20
|Stadia|https://en.wikipedia.org/wiki/NBA_2K21
|Stadia|https://en.wikipedia.org/wiki/Octopath_Traveler
One Hand Clapping|Stadia|
|Stadia|https://en.wikipedia.org/wiki/Orcs_Must_Die!_3
Outcasters|Stadia|
|Stadia|https://en.wikipedia.org/wiki/Outriders_(video_game)
|Stadia|https://en.wikipedia.org/wiki/Outward
|Stadia|https://en.wikipedia.org/wiki/Pac-Man
|Stadia|https://en.wikipedia.org/wiki/Panzer_Dragoon_(video_game)
|Stadia|https://en.wikipedia.org/wiki/PGA_Tour_2K21
|Stadia|https://en.wikipedia.org/wiki/Phoenix_Point
PHOGS!|Stadia|
|Stadia|https://en.wikipedia.org/wiki/PlayerUnknown%27s_Battlegrounds
|Stadia|https://en.wikipedia.org/wiki/Power_Rangers:_Battle_for_the_Grid
|Stadia|https://en.wikipedia.org/wiki/Rage_2
|Stadia|https://en.wikipedia.org/wiki/Red_Dead_Redemption_2
Relicta|Stadia|
|Stadia|https://en.wikipedia.org/wiki/R%C3%A9publique_(video_game)
|Stadia|https://en.wikipedia.org/wiki/Riders_Republic
|Stadia|https://en.wikipedia.org/wiki/Rise_of_the_Tomb_Raider
|Stadia|https://en.wikipedia.org/wiki/Risk_of_Rain_2
Rock of Ages III: Make And Break|Stadia|
|Stadia|https://en.wikipedia.org/wiki/Samurai_Shodown_(2019_video_game)
|Stadia|https://en.wikipedia.org/wiki/Scott_Pilgrim_vs._the_World:_The_Game
Secret Neighbor|Stadia|
|Stadia|https://en.wikipedia.org/wiki/Sekiro:_Shadows_Die_Twice
|Stadia|https://en.wikipedia.org/wiki/Serious_Sam
|Stadia|https://en.wikipedia.org/wiki/Serious_Sam_4
|Stadia|https://en.wikipedia.org/wiki/Shadow_of_the_Tomb_Raider
|Stadia|https://en.wikipedia.org/wiki/Sniper_Elite_4
|Stadia|https://en.wikipedia.org/wiki/Spiritfarer
Spitlings|Stadia|
|Stadia|https://en.wikipedia.org/wiki/SpongeBob_SquarePants:_Battle_for_Bikini_Bottom_%E2%80%93_Rehydrated
Stacks On Stacks (On Stacks)|Stadia|
|Stadia|https://en.wikipedia.org/wiki/Star_Wars_Jedi:_Fallen_Order
|Stadia|https://en.wikipedia.org/wiki/SteamWorld_Dig
|Stadia|https://en.wikipedia.org/wiki/SteamWorld_Dig_2
|Stadia|https://en.wikipedia.org/wiki/SteamWorld_Heist
|Stadia|https://en.wikipedia.org/wiki/SteamWorld_Quest
|Stadia|https://en.wikipedia.org/wiki/Strange_Brigade
Submerged: Hidden Depths|Stadia|
|Stadia|https://en.wikipedia.org/wiki/Sundered
|Stadia|https://en.wikipedia.org/wiki/Super_Bomberman_R
|Stadia|https://en.wikipedia.org/wiki/Superhot
Superhot: Mind Control Delete|Stadia|
|Stadia|https://en.wikipedia.org/wiki/The_Crew_2
The Darkside Detective Season 2|Stadia|
|Stadia|https://en.wikipedia.org/wiki/The_Elder_Scrolls_Online
|Stadia|https://en.wikipedia.org/wiki/The_Gardens_Between
|Stadia|https://en.wikipedia.org/wiki/The_Turing_Test_(video_game)
|Stadia|https://en.wikipedia.org/wiki/Thumper_(video_game)
TOHU|Stadia|
|Stadia|https://en.wikipedia.org/wiki/Tom_Clancy%27s_The_Division_2
|Stadia|https://en.wikipedia.org/wiki/Tom_Clancy%27s_Ghost_Recon_Breakpoint
|Stadia|https://en.wikipedia.org/wiki/Tom_Clancy%27s_Ghost_Recon_Wildlands
|Stadia|https://en.wikipedia.org/wiki/Tomb_Raider_(2013_video_game)
|Stadia|https://en.wikipedia.org/wiki/Trials_Rising
|Stadia|https://en.wikipedia.org/wiki/Uno_(video_game)
Unto the End|Stadia|
|Stadia|https://en.wikipedia.org/wiki/Valkyria_Chronicles_4
|Stadia|https://en.wikipedia.org/wiki/Watch_Dogs_(video_game)
|Stadia|https://en.wikipedia.org/wiki/Watch_Dogs_2
|Stadia|https://en.wikipedia.org/wiki/Watch_Dogs:_Legion
Wave Break|Stadia|
|Stadia|https://en.wikipedia.org/wiki/West_of_Loathing
Windbound|Stadia|
|Stadia|https://en.wikipedia.org/wiki/Watch_Dogs_2
|Stadia|https://en.wikipedia.org/wiki/Wolfenstein:_Youngblood
|Stadia|https://en.wikipedia.org/wiki/WWE_2K_Battlegrounds
Young Souls|Stadia|
|Stadia|https://en.wikipedia.org/wiki/Zombie_Army_4:_Dead_War