|xCloud|https://en.wikipedia.org/wiki/Black_Desert_Online
|xCloud|https://en.wikipedia.org/wiki/Afterparty_(video_game)
|xCloud|https://en.wikipedia.org/wiki/Bleeding_Edge_(video_game)
|xCloud|https://en.wikipedia.org/wiki/Blair_Witch_(video_game)
|xCloud|https://en.wikipedia.org/wiki/Crackdown_3
|xCloud|https://en.wikipedia.org/wiki/Carrion_(video_game)
|xCloud|https://en.wikipedia.org/wiki/CrossCode
|xCloud|https://en.wikipedia.org/wiki/DayZ_(video_game)
|xCloud|https://en.wikipedia.org/wiki/Enter_the_Gungeon
|xCloud|https://en.wikipedia.org/wiki/F1_2019_(video_game)
|xCloud|https://en.wikipedia.org/wiki/Frostpunk
|xCloud|https://en.wikipedia.org/wiki/Forager_(video_game)
|xCloud|https://en.wikipedia.org/wiki/Gears_of_War_(video_game)
|xCloud|https://en.wikipedia.org/wiki/Grounded_(video_game)
|xCloud|https://en.wikipedia.org/wiki/Halo_Wars
|xCloud|https://en.wikipedia.org/wiki/Hollow_Knight
|xCloud|https://en.wikipedia.org/wiki/Katana_Zero
|xCloud|https://en.wikipedia.org/wiki/Indivisible_(video_game)
|xCloud|https://en.wikipedia.org/wiki/Killer_Instinct
|xCloud|https://en.wikipedia.org/wiki/Kona_(video_game)
|xCloud|https://en.wikipedia.org/wiki/Moonlighter_(video_game)
|xCloud|https://en.wikipedia.org/wiki/Minit
|xCloud|https://en.wikipedia.org/wiki/Mortal_Kombat_X
|xCloud|https://en.wikipedia.org/wiki/My_Time_at_Portia
|xCloud|https://en.wikipedia.org/wiki/Moving_Out_(video_game)
|xCloud|https://en.wikipedia.org/wiki/Night_in_the_Woods
|xCloud|https://en.wikipedia.org/wiki/Observation_(video_game)
|xCloud|https://en.wikipedia.org/wiki/Pillars_of_Eternity
|xCloud|https://en.wikipedia.org/wiki/ReCore
|xCloud|https://en.wikipedia.org/wiki/Resident_Evil_7:_Biohazard
|xCloud|https://en.wikipedia.org/wiki/River_City_Girls
|xCloud|https://en.wikipedia.org/wiki/Sea_of_Thieves
|xCloud|https://en.wikipedia.org/wiki/State_of_Decay_2
|xCloud|https://en.wikipedia.org/wiki/Stellaris_(video_game)
|xCloud|https://en.wikipedia.org/wiki/Tell_Me_Why_(video_game)
|xCloud|https://en.wikipedia.org/wiki/Tacoma_(video_game)
|xCloud|https://en.wikipedia.org/wiki/The_Messenger_(2018_video_game)
|xCloud|https://en.wikipedia.org/wiki/The_Turing_Test_(video_game)
|xCloud|https://en.wikipedia.org/wiki/The_Walking_Dead:_Michonne
|xCloud|https://en.wikipedia.org/wiki/The_Walking_Dead:_A_New_Frontier
|xCloud|https://en.wikipedia.org/wiki/Warhammer:_Vermintide_2
|xCloud|https://en.wikipedia.org/wiki/World_War_Z_(2019_video_game)